customer_id,age,gender,region,education_level,employment_type,annual_income,loan_amount,loan_purpose,credit_score,repayment_history,transaction_count,spending_ratio,join_date,default_flag
CUST_0001,59.0,Female,West,Graduate,Salaried,1194882.3221832276,1172526.9908838184,Car,600.6105735157164,3,43,57.209163672729154,2025-06-15,0
CUST_0002,49.0,Female,South,Secondary,Self-Employed,924843.9561390679,198567.45435293607,Home,611.1208633459506,0,46,38.323376799303574,2022-12-19,0
CUST_0003,35.0,Male,North,Graduate,Salaried,2110611.67552068,71543.22646721776,Home,701.9669426866036,1,41,12.860148620126743,2020-07-21,0
CUST_0004,63.0,Female,North,Graduate,Self-Employed,430152.918213164,312394.50197261246,Business,675.7891151011097,3,47,45.24432586891569,2025-07-25,0
CUST_0005,28.0,Other,South,Graduate,Salaried,1026451.2877807845,1001383.2008879851,Home,320.0,3,48,68.69281592699943,2019-08-31,0
CUST_0006,41.0,,West,Primary,Salaried,371461.1243523989,133816.13966471676,Business,739.3152584152921,2,62,60.89606192985269,2019-04-28,0
CUST_0007,59.0,Male,West,Graduate,Self-Employed,267339.88187428465,196969.53263225633,Home,739.1588737345476,1,35,43.62713260160279,2021-05-31,0
CUST_0008,39.0,Female,West,Secondary,Salaried,212179.029980763,15000000.0,Business,699.7310601284166,4,45,65.26387109031751,2022-11-08,0
CUST_0009,43.0,Female,North,Graduate,Salaried,873973.9547969288,2719443.404351259,Business,607.8350788008752,6,43,48.460008249851484,2023-12-05,1
CUST_0010,31.0,Male,South,Post-Graduate,Unemployed,719321.722242563,173903.30298985168,Home,704.4004471981244,2,57,62.66139890080389,2018-07-11,0
CUST_0011,31.0,Female,East,Graduate,Salaried,499443.40149126906,169252.844599246,Car,684.7889873771167,0,48,15.091157970561568,2025-10-06,1
CUST_0012,44.0,Female,North,Secondary,Salaried,245070.26839971016,570399.1853847973,Home,594.6213958583189,3,32,22.505889325315234,2025-04-19,0
CUST_0013,56.0,Female,West,Post-Graduate,Self-Employed,444637.66676626605,1045781.4570907938,Business,,0,45,58.122647740308956,2023-07-11,0
CUST_0014,60.0,Female,South,Graduate,Self-Employed,651464.8984815374,290725.1979713672,Business,762.6717031196864,0,26,72.70708489820683,2025-01-07,1
CUST_0015,44.0,Female,West,Primary,Self-Employed,1005475.1698995373,144643.43912229722,Car,594.1888141687205,0,45,52.51132315642511,2018-11-03,0
CUST_0016,,Male,East,Secondary,Salaried,644115.2696668804,609642.0839769169,Car,632.1653821162604,0,37,36.04793627923556,2019-06-16,0
CUST_0017,42.0,Male,West,Secondary,Self-Employed,746656.732479555,692035.0197251576,Car,638.7537335419643,4,43,29.69071454568079,2018-05-02,0
CUST_0018,22.0,Male,West,Primary,Salaried,528529.9921920421,1562912.2258221146,Business,335.0,0,43,39.32432705529345,2025-05-20,1
CUST_0019,44.0,Female,East,Post-Graduate,Self-Employed,1701126.0179520336,712735.6265423192,Car,717.1043885340497,0,41,66.84546585090177,2019-08-15,0
CUST_0020,64.0,Male,South,Graduate,Unemployed,371272.04116988985,803433.0319075371,Home,683.3305409589767,6,45,38.83451331082691,2025-12-27,0
CUST_0021,50.0,Male,North,Post-Graduate,Self-Employed,,374557.7445241698,Car,700.5392960299343,3,51,63.85970234497354,2022-01-15,0
CUST_0022,58.0,Male,South,Secondary,Self-Employed,495801.3895271404,2485677.7115206383,Home,583.427585266585,4,41,56.74631625818181,2018-02-28,1
CUST_0023,22.0,Male,East,Secondary,Salaried,876082.0770211413,340545.306458197,Business,708.602096101884,3,42,75.85066440768588,2024-06-06,0
CUST_0024,41.0,Female,West,Graduate,Self-Employed,367087.22073874576,293213.8181859038,Home,672.4335968340447,2,56,48.60471368765713,2025-02-13,0
CUST_0025,53.0,Female,South,Secondary,Self-Employed,700376.1778956107,1597041.3269219846,Education,629.0717613081058,2,44,44.10726549872326,2022-04-23,0
CUST_0026,32.0,Male,North,Graduate,Salaried,711711.7199942312,160337.58320101185,Home,565.062029455226,1,47,64.75809790224483,2021-02-14,0
CUST_0027,,Male,East,Post-Graduate,Self-Employed,443667.5314888953,123477.84084276542,Home,682.0220867139764,2,48,28.165269684635668,2022-12-16,0
CUST_0028,64.0,Male,South,Graduate,Salaried,779350.6448975018,489281.22674520145,Education,706.7719922163358,0,48,37.007694412003126,2022-12-11,0
CUST_0029,45.0,Male,North,Graduate,Self-Employed,373409.1437356683,449453.3274938062,Other,552.313864872006,3,48,14.759914580462734,2019-02-03,0
CUST_0030,47.0,Male,East,Secondary,Self-Employed,351630.73776711297,383648.2033924454,Business,681.3864552992322,2,49,22.42215793713608,2025-01-06,0
CUST_0031,62.0,Male,North,Primary,,686602.5046890184,902346.3376775803,Home,689.1679813886371,2,50,79.62069383513658,2025-10-23,0
CUST_0032,,Male,East,Secondary,Salaried,260892.06843028302,238293.53526073394,Home,638.4327842639254,3,32,57.46166232553259,2024-12-20,0
CUST_0033,36.0,Male,West,Graduate,Salaried,199802.7992720745,470673.46376207395,Business,708.4878651796381,0,40,20.327371506487175,2020-07-30,0
CUST_0034,35.0,Male,South,Secondary,Salaried,,349734.1924868565,Car,670.050318779201,2,52,66.506921903287,2019-06-12,0
CUST_0035,64.0,Male,North,Secondary,Unemployed,1157370.4197514523,241144.08856347538,Home,701.2378254002273,0,49,32.33344416848382,2024-09-11,0
CUST_0036,23.0,Male,East,Graduate,Salaried,502819.19269114814,430935.9727620448,Business,720.0685199656292,0,47,56.53711095000115,2022-11-10,1
CUST_0037,57.0,Male,North,Secondary,Salaried,450128.6830579424,817347.748509312,Business,720.1105179612892,3,39,56.268244879122086,2021-11-22,0
CUST_0038,27.0,Female,North,Secondary,Self-Employed,1130049.5238655095,1985538.1547162521,Other,,1,43,74.96983260148858,2022-07-28,0
CUST_0039,41.0,Male,South,Secondary,Salaried,346168.73963733815,675086.5269921455,Other,705.3743891588435,2,52,35.32086449099181,2022-03-31,0
CUST_0040,29.0,Male,West,Post-Graduate,Salaried,,77607.42315153174,Business,644.2219444417384,1,45,31.675871030759374,2019-03-12,0
CUST_0041,59.0,Female,North,Graduate,Salaried,959269.8248349524,438144.83224986185,Home,631.4157466435103,0,36,5.0,2020-04-19,1
CUST_0042,38.0,Male,East,Graduate,Self-Employed,653239.1960337972,465964.5398073851,Home,,4,41,42.808083719522905,2018-12-26,1
CUST_0043,24.0,Female,East,Primary,Salaried,1167540.3727969755,866614.1951668344,Education,691.338473233468,0,40,58.05593697571619,2021-02-26,0
CUST_0044,45.0,Male,West,Post-Graduate,Salaried,200301.98035386094,512148.58832430484,Car,779.0983785989392,0,50,60.515529034850516,2020-05-13,0
CUST_0045,34.0,Other,East,Graduate,Salaried,300846.9512340735,1081830.534710287,Car,653.1160545509638,1,47,67.54318883331766,2025-05-05,0
CUST_0046,29.0,Female,West,Secondary,Salaried,655143.9587281276,591946.9466335308,Car,713.720618578247,1,45,50.216503355971085,2022-07-09,0
CUST_0047,46.0,Female,East,Post-Graduate,Salaried,817861.4101921973,1339974.9937803552,Car,623.578999661363,2,49,54.08606012830501,2022-09-29,0
CUST_0048,22.0,Female,South,Secondary,Salaried,1035687.5256113837,331002.3379782649,Education,694.6103686370476,2,38,46.22616793284506,2021-05-30,0
CUST_0049,40.0,Male,North,Graduate,Salaried,,497844.61480457336,Home,774.451034605583,1,52,57.73418703995222,2024-03-11,0
CUST_0050,48.0,Male,South,Graduate,Self-Employed,711611.9140949112,802632.2649313298,Home,731.4685979998957,0,39,28.18363757220018,2020-07-04,0
CUST_0051,27.0,Female,North,Secondary,Salaried,524686.8005664304,301482.4283056696,Car,562.1890975145632,2,50,19.647633043525474,2025-03-24,0
CUST_0052,64.0,Male,North,Post-Graduate,Self-Employed,1559265.3511739399,258847.37992312945,Business,722.8021112026659,2,50,30.082715830056905,2022-12-04,0
CUST_0053,28.0,Female,North,Graduate,Unemployed,354358.6239650585,289658.0568545531,Home,726.2169334095164,1,52,48.845226916559824,2023-12-23,0
CUST_0054,55.0,Male,South,Graduate,Self-Employed,791898.6740271852,266346.1159632272,Car,693.0115229920317,1,40,21.592356015505548,2025-09-02,0
CUST_0055,34.0,Male,North,Secondary,Self-Employed,377540.37018784846,648745.7785306617,Business,730.0641584526755,1,33,33.601605127124614,2019-01-21,0
CUST_0056,37.0,Male,South,Primary,,872271.3555717407,124571.76331604933,Car,617.4873470211846,4,40,34.176702905367016,2021-08-19,0
CUST_0057,56.0,Male,West,Secondary,Salaried,367459.34979290096,151421.68556634893,Home,684.7447366103064,2,45,59.07278179737821,2022-12-11,0
CUST_0058,60.0,Male,East,Graduate,Salaried,978549.1319423362,1657673.0609090563,Car,763.2630455703577,1,46,56.881718289546825,2022-05-05,0
CUST_0059,24.0,Male,East,Secondary,Salaried,691338.8526301051,270881.07260501425,Home,756.4962112599776,2,42,46.26874966066051,2021-04-27,0
CUST_0060,22.0,Male,North,Graduate,Unemployed,1696841.5804772042,517628.5906315524,Other,721.1033730504478,1,40,53.11916786947602,2022-03-30,1
CUST_0061,26.0,,South,Graduate,,556914.4051258143,158672.9380385073,Home,613.7753582374338,3,42,53.47422799140547,2019-01-24,0
CUST_0062,62.0,Male,East,Secondary,Salaried,821148.3002559625,480647.7004341259,Education,,0,41,38.45484797160651,2025-08-23,0
CUST_0063,24.0,Female,South,Graduate,Salaried,423333.97589106846,272038.31365101534,Home,688.5907755832516,2,44,35.23501248502089,2019-12-05,0
CUST_0064,49.0,Male,South,Secondary,Self-Employed,554813.0495522794,150668.933145499,Car,693.5580679044381,0,38,72.66035548120269,2022-10-05,1
CUST_0065,38.0,Male,North,Post-Graduate,Salaried,688926.4914595642,1147214.247411127,Education,672.4721170792058,2,42,5.0,2025-09-21,0
CUST_0066,46.0,Male,East,Graduate,Salaried,280619.99005611165,1029721.433474154,Home,619.641126635251,2,45,31.656539359129454,2020-05-13,0
CUST_0067,64.0,Female,North,Secondary,Self-Employed,298055.3474888342,417422.63814487524,Car,712.7720806542795,0,42,41.33191461462169,2020-11-25,0
CUST_0068,54.0,Male,North,Secondary,Salaried,904059.3200822227,905820.267064041,Home,688.2624011520907,0,45,55.079125691748246,2018-03-20,0
CUST_0069,30.0,Female,East,Graduate,Salaried,599817.0014114121,1705395.7328650414,Car,701.7368237412855,1,51,65.43911746985745,2021-07-22,0
CUST_0070,56.0,Other,East,Graduate,Salaried,469121.9564479474,762879.9931174134,Education,724.5075319718082,1,42,78.42116887538664,2021-07-25,0
CUST_0071,,Male,West,Graduate,Self-Employed,433386.5104434625,629561.4087918743,Car,659.4762659241491,3,46,43.34920770833765,2019-11-05,0
CUST_0072,51.0,Male,West,Graduate,Salaried,442660.6835683844,517242.786314746,Business,643.3431216965423,0,40,44.554758755582995,2024-06-17,0
CUST_0073,35.0,Male,South,Secondary,Salaried,691508.3706854058,709028.5106215237,Education,763.0673992481468,2,45,51.52698109107324,2018-07-23,0
CUST_0074,28.0,Male,East,Secondary,Salaried,830262.6430575238,348801.85397696175,Car,623.1981135102374,1,48,35.4398231100794,2020-09-11,0
CUST_0075,34.0,Male,West,Secondary,Salaried,205678.3182927752,370777.6194320447,Home,644.8119350403495,3,34,23.68372910299425,2023-05-30,0
CUST_0076,43.0,Female,South,Graduate,Salaried,1413792.5074118243,617001.5557722367,Car,772.5685861570605,2,47,43.26749160724767,2018-01-17,0
CUST_0077,,Male,South,Post-Graduate,Self-Employed,1359548.2881702804,322964.4236482986,Business,638.9731811742755,1,34,58.41670125603236,2019-04-21,0
CUST_0078,41.0,Male,South,Graduate,Salaried,180388.38898366358,348343.064536468,Home,672.603676726958,4,41,40.627377968823346,2020-10-13,1
CUST_0079,36.0,Male,West,Secondary,Self-Employed,1181136.0940809909,450058.80320170097,Business,649.1022598165229,0,39,52.44183699692567,2018-07-29,0
CUST_0080,65.0,Female,East,Graduate,Salaried,1161355.02935335,1006941.5709843542,Home,546.2583889037152,6,49,11.361288368312351,2019-05-14,0
CUST_0081,38.0,,North,Graduate,Salaried,650159.2836852378,203645.95171817648,Business,670.7519260996403,1,43,45.33128322155025,2019-03-05,0
CUST_0082,44.0,Male,South,Graduate,Salaried,318470.4273232836,765609.7189856687,Home,604.2033677316089,1,46,37.73796136714215,2021-08-22,0
CUST_0083,46.0,Female,West,Post-Graduate,Salaried,1136089.9906959063,783291.6244948553,Business,699.0935324482671,3,47,22.047772401158667,2023-10-07,0
CUST_0084,45.0,Female,West,Secondary,Salaried,569236.094236143,780017.2144689831,Car,762.9228882530834,0,48,56.82982506452725,2022-04-03,0
CUST_0085,65.0,Male,North,Secondary,Salaried,879062.2611639665,255833.0585235773,Home,513.9369700119759,3,51,78.22162024693768,2021-05-16,0
CUST_0086,61.0,Male,North,Post-Graduate,Salaried,2202906.849582314,137602.68685989978,Home,649.481226199979,3,41,62.819260662255935,2022-03-15,1
CUST_0087,49.0,Female,West,Graduate,Salaried,746564.9175319661,665832.3508836853,Car,713.9242424723736,6,51,63.96748209861191,2023-02-11,0
CUST_0088,35.0,Male,East,Secondary,Salaried,392558.58312115585,513127.69475867256,Other,516.2488311177667,1,42,57.824586623102476,2025-01-13,0
CUST_0089,65.0,Male,North,Graduate,Self-Employed,540405.7874976379,908969.2153465584,Home,,0,46,56.63612609363196,2025-03-13,0
CUST_0090,21.0,Male,West,Graduate,,421060.8730329114,275578.30121766083,Home,708.4919027602613,3,34,12.610225159640713,2023-02-20,1
CUST_0091,45.0,Male,North,Graduate,Salaried,825006.8649787056,766113.5881458848,Education,761.2409616448926,1,38,42.696882898704196,2020-06-17,0
CUST_0092,27.0,Female,East,Graduate,Salaried,417228.98908552545,941369.8119991798,Car,637.7039102666428,0,32,54.15605579962561,2021-01-11,1
CUST_0093,29.0,Female,South,Secondary,Salaried,501149.30998032226,420957.0367626299,Car,646.7509422292857,0,45,54.56528606161561,2025-04-22,0
CUST_0094,44.0,Male,North,Graduate,Salaried,320709.47691045434,6000000.0,Education,667.9297733900698,1,57,67.89071140685468,2020-12-03,0
CUST_0095,21.0,Male,East,Graduate,Salaried,604453.3584581395,587939.5303275232,Home,840.3656785663654,2,47,26.416842306602778,2022-02-15,0
CUST_0096,64.0,Male,West,Graduate,Self-Employed,716363.3420473121,253209.9312491143,Other,778.8579020372799,6,44,55.93088907733858,2022-07-26,0
CUST_0097,,Male,North,Graduate,Salaried,150000.0,652633.1661081199,Car,330.0,1,52,25.829261928132958,2019-05-08,0
CUST_0098,44.0,Female,North,Graduate,Salaried,749748.5035564889,1401076.8820657886,Home,699.0801328738088,4,52,41.18940738289692,2024-12-21,0
CUST_0099,31.0,Male,West,Primary,Self-Employed,633865.7845838655,457048.8769584055,Business,727.61778586887,2,44,43.88466586976504,2019-08-28,0
CUST_0100,37.0,Male,South,Graduate,Salaried,,161838.69441750224,Education,850.0,2,48,60.52627645288113,2020-08-05,0
CUST_0101,28.0,Male,West,Graduate,Self-Employed,1983698.4219753104,278157.92032365955,Car,708.7039844792788,2,39,58.40916099120619,2018-10-21,0
CUST_0102,,Male,North,Graduate,Salaried,18000000.0,129495.60839647392,Education,683.4469547089077,1,56,47.1659505788095,2021-03-17,0
CUST_0103,55.0,Male,West,Graduate,Salaried,355651.3850200545,1110349.7925603716,Home,840.0,4,37,6.263324618027234,2023-07-12,0
CUST_0104,53.0,Female,East,Graduate,Salaried,,768254.6780294192,Car,697.6186435639581,3,56,53.00700719385697,2018-06-21,0
CUST_0105,25.0,Male,West,Graduate,Salaried,1288773.5448657842,316805.8395194367,Business,635.9733636236593,6,58,40.18182341330183,2022-05-06,1
CUST_0106,62.0,Female,North,Graduate,Unemployed,698953.258101652,166768.33560245062,Home,717.2069253557655,2,46,70.0525060491438,2019-06-15,0
CUST_0107,59.0,Male,West,Secondary,Salaried,792954.2147514571,251122.5613016893,Car,572.5552527656345,2,44,65.76288379812664,2021-02-17,0
CUST_0108,61.0,Male,South,Secondary,Unemployed,782945.4531916645,287854.08624816395,Business,660.462455794525,2,38,28.11558767569816,2023-02-03,0
CUST_0109,48.0,Male,West,Graduate,Salaried,206391.2502443557,485817.4334937241,Other,735.0974641045502,1,38,55.479136301830536,2022-10-27,0
CUST_0110,27.0,,South,Graduate,,586512.5609284315,474508.30617301626,Car,707.6842740753016,3,41,55.83439091088728,2023-10-15,0
CUST_0111,29.0,Female,East,Secondary,Salaried,569962.3464565562,1150842.9645949404,Car,645.3031534961261,3,45,54.525304433104665,2023-12-29,0
CUST_0112,28.0,,South,Secondary,Salaried,1427325.8862640709,277083.57691013446,Education,662.5981617187521,2,59,52.19245934542078,2024-10-29,0
CUST_0113,32.0,Male,West,Graduate,Unemployed,780959.0282597891,156572.0182618689,Other,757.6501015019159,0,41,56.3427825564285,2018-07-08,0
CUST_0114,54.0,Female,North,Primary,Salaried,551855.5535740652,200209.16602320864,Business,589.2198727982434,3,42,72.02674468033193,2018-06-07,0
CUST_0115,53.0,Male,South,Secondary,Salaried,618565.9130441238,442805.3064661113,Home,589.6554764066502,2,42,35.07515400192234,2025-06-10,0
CUST_0116,43.0,Male,East,Primary,Salaried,1141198.6459047026,270202.83991857746,Car,610.2774535866877,1,54,28.695426781371836,2023-05-25,0
CUST_0117,44.0,Female,South,Secondary,Salaried,587250.1025137383,366809.1189531643,Car,679.1991601800017,1,35,59.08887243909906,2018-09-03,0
CUST_0118,57.0,Male,South,Secondary,Salaried,442732.08803725295,327479.0477001902,Business,,2,44,11.099482296639152,2025-12-13,0
CUST_0119,55.0,Male,South,Secondary,Salaried,558545.5409826431,900017.7635056134,Education,,1,47,115.0,2025-08-27,1
CUST_0120,64.0,Male,East,Graduate,Self-Employed,1090460.367970383,298381.1218646715,Education,610.6780655858101,3,53,53.58490143375685,2024-07-05,0
CUST_0121,60.0,Male,West,Post-Graduate,Salaried,853941.816553824,345539.90261103754,Other,696.8266668307347,3,45,5.0,2025-01-03,1
CUST_0122,42.0,Male,South,Graduate,Salaried,666020.0320436674,743483.140343743,Home,636.5695174310448,1,53,33.545940127013424,2020-04-29,0
CUST_0123,47.0,Female,South,Graduate,Salaried,722212.1827074904,303008.31429243024,Home,675.0877189370206,4,35,73.36754146094371,2022-12-16,1
CUST_0124,,Male,North,Secondary,Salaried,477762.6219833811,605162.0327404804,Car,559.7490567755942,4,50,18.770822447113083,2020-12-30,0
CUST_0125,,Male,East,Secondary,Unemployed,584233.1850754983,567526.3989116341,Car,755.0987183907467,2,39,48.82664906908971,2021-08-29,0
CUST_0126,55.0,Male,South,Graduate,Salaried,451310.2351852007,496947.15080652054,Home,607.8876501221449,2,51,26.911704600111875,2023-10-28,0
CUST_0127,57.0,Male,East,Primary,Salaried,552715.6956236928,203399.11139928212,Home,,5,49,32.23896652688822,2018-06-18,0
CUST_0128,,Other,South,Graduate,Salaried,1362900.472177957,1064318.0452346592,Education,850.0,2,35,79.4937387676921,2025-10-28,0
CUST_0129,23.0,Male,West,Graduate,Salaried,359294.6725233294,2129678.355242867,Business,721.5730483218206,4,52,47.22199822415051,2024-02-06,0
CUST_0130,21.0,Male,West,Graduate,Salaried,445045.99944223004,452789.47372796596,Car,752.1812306212306,4,39,54.305112394132614,2022-07-10,0
CUST_0131,25.0,Female,South,Primary,Unemployed,5000000.0,216328.73486439444,Car,714.4168547271424,3,40,42.975637624322744,2024-04-26,0
CUST_0132,46.0,Male,West,Secondary,Self-Employed,289447.09854212304,459261.3686432972,Home,646.0639580010198,1,38,17.727600346242784,2022-02-18,0
CUST_0133,34.0,Male,South,Graduate,Unemployed,586544.0724322213,899779.4530923882,Business,581.9862606908742,3,39,23.6713822758421,2022-12-01,0
CUST_0134,59.0,Male,West,Secondary,Salaried,462796.44458955544,292544.3297131188,Business,657.5884709430755,0,51,66.21174586156019,2024-06-02,0
CUST_0135,47.0,,North,Graduate,Salaried,1712828.325749713,411174.68720050604,Education,606.6380491605828,3,48,47.75205867022322,2019-09-12,0
CUST_0136,29.0,Male,North,Graduate,Salaried,556355.1016906839,571180.6179291885,Home,611.1413620674111,0,52,31.134809592783277,2025-12-12,0
CUST_0137,35.0,Male,North,Post-Graduate,Salaried,1320995.1562372437,1044591.3959852105,Home,561.2609503272728,1,38,44.60306757737652,2024-08-04,0
CUST_0138,35.0,Female,East,Secondary,Self-Employed,,774365.6638377947,Home,,1,46,56.908763339111076,2023-12-05,0
CUST_0139,46.0,Male,East,Graduate,Salaried,579431.5736300513,797159.8006875445,Education,798.0059110644385,5,47,53.18079925649963,2018-12-23,0
CUST_0140,62.0,Male,North,Graduate,Self-Employed,2074648.3180776706,333906.02566093666,Business,721.8602542269837,0,40,31.143794396114785,2024-10-22,0
CUST_0141,33.0,Male,East,Secondary,Self-Employed,753452.5591584244,596208.7464029003,Business,672.0657209111216,3,49,16.644540979131236,2022-08-05,0
CUST_0142,52.0,Male,West,Secondary,Salaried,1493873.155072733,271475.8686328376,Car,676.9571095392387,1,49,37.673162222012174,2021-04-26,0
CUST_0143,59.0,Female,South,Graduate,Salaried,1401222.9265323484,813312.8563505404,Business,451.41670157048026,2,40,64.96287544686072,2021-07-28,1
CUST_0144,52.0,Male,South,Secondary,,816501.5042285521,1007373.1007671,Other,648.2123433575467,3,51,60.378785371929794,2022-03-15,0
CUST_0145,24.0,Male,South,Secondary,Salaried,982494.0907120643,662885.3710574114,Home,572.9993078584746,4,47,52.38725876865293,2022-01-29,0
CUST_0146,50.0,Female,North,Primary,Self-Employed,916178.8907686542,347950.4804208591,Car,690.0809395926707,0,49,41.92415259360999,2023-05-18,0
CUST_0147,57.0,Male,East,Graduate,Salaried,346411.9159963653,390191.8702467136,Other,660.5018008498824,1,49,35.698558282908884,2021-09-23,0
CUST_0148,43.0,Male,West,Graduate,Salaried,670807.3975492594,1593692.5006426577,Car,614.8021594094345,3,44,42.25808871982152,2025-01-13,0
CUST_0149,59.0,Male,West,Graduate,Salaried,1173573.1421550098,352041.92426375253,Other,688.392252836645,2,49,59.07188995743818,2018-07-18,0
CUST_0150,65.0,Male,North,Secondary,Unemployed,1504739.1462935188,938463.0650768902,Other,687.7459364755207,4,47,63.1834310202437,2022-11-23,1
CUST_0151,35.0,Female,West,Secondary,Salaried,437300.4744546802,570476.3431192753,Education,793.8968029592321,3,60,40.28783823139918,2020-12-09,1
CUST_0152,63.0,Male,West,Graduate,,869422.8310325462,356150.027928612,Business,731.4813125335047,2,42,90.65216357149669,2021-03-11,0
CUST_0153,,Male,West,Graduate,Salaried,12000000.0,175562.17673202872,Business,696.2729592527654,2,29,46.66326796398701,2022-12-12,0
CUST_0154,56.0,Male,West,Secondary,Self-Employed,609196.957875284,521843.5598420584,Education,608.9364144761456,3,40,38.75480190117177,2022-03-18,0
CUST_0155,33.0,Female,East,Graduate,Self-Employed,790585.499027529,479631.54252365115,Car,599.4920660669384,1,53,71.56204989497192,2025-06-10,0
CUST_0156,52.0,Male,West,Post-Graduate,Salaried,732798.6262915775,1593713.0953597028,Home,724.9136005577456,4,46,8.310662464279048,2018-01-31,1
CUST_0157,27.0,Female,South,Graduate,Salaried,875457.4290102946,246438.55582202613,Car,664.9947970669677,2,37,53.6406065021764,2024-07-08,0
CUST_0158,42.0,Male,North,Graduate,Self-Employed,1436430.6230246164,2243036.028090171,Education,698.7024193344955,3,44,140.0,2019-10-22,0
CUST_0159,48.0,Female,East,Post-Graduate,Salaried,1000487.3776130239,586642.1175550752,Home,753.350039312867,1,56,71.06731775768445,2024-02-03,0
CUST_0160,22.0,Other,West,Secondary,Self-Employed,771084.1836911635,586239.2821930384,Home,566.5145918643642,0,51,55.88862045570345,2024-08-14,0
CUST_0161,,Female,East,Graduate,Salaried,1812597.4379310345,297108.4098890382,Home,784.7776538771745,3,47,47.503839057149854,2019-07-01,1
CUST_0162,65.0,Female,West,Post-Graduate,Self-Employed,1196832.3540148113,560899.6418868925,Business,752.7036340211747,0,49,56.927408355837876,2025-01-26,0
CUST_0163,26.0,Male,South,Secondary,Self-Employed,617792.8589981727,626646.9052778699,Other,525.9169833509267,1,35,25.999518381826462,2021-02-03,0
CUST_0164,48.0,Male,North,Graduate,Unemployed,332804.8032200927,867292.8442395346,Other,850.0,0,35,62.40275702061946,2023-11-15,0
CUST_0165,48.0,Male,West,Graduate,,,226880.18016689588,Car,704.1032239311093,1,45,20.79745637375752,2024-03-27,0
CUST_0166,64.0,Male,West,Graduate,Salaried,1085993.1679622596,1204710.0346424687,Business,644.1096274682785,1,42,51.45295285465856,2024-03-24,0
CUST_0167,64.0,Male,West,Graduate,Salaried,459574.2416704438,579542.181384257,Business,718.9296667703694,0,28,45.64105813954844,2019-01-06,0
CUST_0168,40.0,Male,West,Post-Graduate,Salaried,9000000.0,688839.1637782201,Car,606.6894022295949,0,40,13.265017625314346,2021-01-28,0
CUST_0169,50.0,Male,North,Graduate,Salaried,428386.33196101786,385518.0444080953,Education,720.9596264895164,1,43,46.24095704572889,2022-01-08,0
CUST_0170,31.0,Male,North,Primary,Salaried,445372.4913494478,234991.12229653748,Home,620.4877656248516,1,49,50.07576153071337,2022-01-31,0
CUST_0171,48.0,Female,South,Post-Graduate,Self-Employed,1037769.0877570023,473501.3775652769,Other,831.526965160295,1,44,33.212232468759765,2023-10-04,0
CUST_0172,45.0,Male,North,Secondary,Salaried,,513040.33491262735,Car,684.5075145429801,0,43,26.776404020833056,2024-10-07,0
CUST_0173,59.0,Female,West,Secondary,Salaried,305566.1644454642,170621.52425826743,Car,728.7367289054617,2,45,53.85919326171115,2024-06-20,0
CUST_0174,53.0,Female,South,Graduate,Self-Employed,661193.844727497,784108.470790243,Education,621.0451175260896,2,57,51.521670020894575,2021-02-25,0
CUST_0175,21.0,Other,South,Graduate,Salaried,734521.1099231666,903986.8614496931,Car,741.2372017920019,1,42,49.082743606572784,2023-09-11,0
CUST_0176,47.0,Male,South,Graduate,Salaried,499364.8990326356,270016.3050069256,Home,679.0564952373416,2,49,45.159151902387904,2018-04-03,0
CUST_0177,33.0,Female,West,Post-Graduate,Unemployed,1227468.453074769,219958.26802732484,Education,574.1111218758541,4,52,34.80186569443926,2025-01-10,0
CUST_0178,61.0,Other,East,Graduate,Unemployed,515664.30174945306,364007.55355725664,Home,662.0927960083814,0,50,85.89926614796583,2021-07-05,0
CUST_0179,23.0,Female,West,Graduate,Salaried,1195784.9259517933,457590.258069313,Business,824.8333301646903,1,52,39.63004487553441,2025-12-10,0
CUST_0180,,Male,North,Primary,Salaried,902530.8673851073,374026.9582965473,Car,744.4232769532481,3,57,29.4279594575619,2023-04-10,1
CUST_0181,26.0,Male,North,Post-Graduate,Self-Employed,,431214.26443112304,Education,651.576869832013,0,53,45.97969095378241,2021-05-28,0
CUST_0182,28.0,,West,Post-Graduate,Salaried,355231.39727693045,525464.152043947,Education,539.8125679249299,0,45,41.74306116639988,2025-08-31,1
CUST_0183,47.0,Male,West,Graduate,Salaried,686113.4332311185,172683.30771175202,Car,,1,48,39.212769448503174,2022-04-21,1
CUST_0184,29.0,Male,South,Primary,Salaried,631385.7205767109,187155.6537562,Education,574.5144496974153,4,49,78.73696963090774,2019-02-20,0
CUST_0185,57.0,Female,West,Primary,Salaried,297337.77263598854,66930.39267983769,Education,541.6243995174876,4,49,24.664539275917072,2025-02-17,0
CUST_0186,53.0,Female,South,Secondary,Salaried,1193631.6723954293,870466.4720094223,Business,738.9193347623977,0,51,45.673867238286704,2024-08-10,0
CUST_0187,62.0,,North,Secondary,Salaried,414636.34940492874,454822.1653637406,Business,684.6790547285124,6,44,25.87188555128679,2022-03-25,0
CUST_0188,,Female,South,Secondary,Salaried,464847.8078320812,937056.3084126464,Business,814.6331336257956,2,47,35.26155411487149,2025-03-31,0
CUST_0189,44.0,Male,West,Post-Graduate,Unemployed,22000000.0,202923.8906220317,Home,605.1768575901779,3,52,76.25008709811058,2024-07-06,0
CUST_0190,35.0,Female,North,Graduate,Salaried,955872.7927571737,457754.3655289913,Car,679.8289298930653,3,43,50.066011002994074,2019-11-20,0
CUST_0191,52.0,Female,East,Primary,Self-Employed,280819.1920478347,523023.36449097365,Other,575.4369236189814,3,35,49.848670713390916,2022-07-24,0
CUST_0192,52.0,,South,Secondary,Self-Employed,913061.7414758911,303687.6895670303,Car,635.3844979125319,1,54,28.089337893698623,2023-08-21,0
CUST_0193,44.0,,North,Primary,Salaried,1154537.4370347455,151691.3893705727,Home,,3,44,37.356811943097924,2025-11-05,0
CUST_0194,61.0,Female,South,Primary,Salaried,873423.4572470849,1527453.9114580194,Car,651.9009524141264,1,52,77.81618738805307,2022-03-11,1
CUST_0195,32.0,Male,North,Secondary,Salaried,961907.2468343893,1198403.9653808717,Home,684.0155472961626,3,51,53.9885204358644,2019-02-23,0
CUST_0196,59.0,,North,Secondary,Salaried,987052.195641797,344431.4176019804,Home,752.8707172438541,0,37,38.885132670427716,2021-02-19,0
CUST_0197,22.0,Female,South,Graduate,Self-Employed,385595.5349529611,643168.6232299327,Other,744.9813189090916,2,38,52.930930625458906,2020-06-29,0
CUST_0198,23.0,Male,East,Post-Graduate,Salaried,1430925.3354426108,320503.79248413653,Car,622.2999061931525,2,57,49.81794953780176,2021-09-16,0
CUST_0199,57.0,Female,North,Secondary,Unemployed,504682.9564527235,224183.53311676785,Home,677.7234408602263,2,44,29.890086230666224,2022-04-16,0
CUST_0200,37.0,,North,Graduate,Salaried,626694.4950817061,1617004.489860875,Other,739.5572281219582,2,40,38.36145152660267,2024-07-23,0
CUST_0201,22.0,Female,North,Graduate,Salaried,,141244.06702482374,Other,757.6802380572129,2,52,85.58164983794158,2019-02-16,0
CUST_0202,22.0,Male,East,Secondary,Salaried,851773.4003053473,368483.15376461967,Car,630.4132486509385,2,46,52.056046502039536,2021-06-01,0
CUST_0203,48.0,Other,East,Secondary,Salaried,483500.27282498486,477361.5937263533,Home,733.112334110018,2,48,16.75724379642823,2018-06-02,0
CUST_0204,43.0,Female,West,Post-Graduate,Salaried,674368.037254229,1429547.4259974915,Business,704.8359881890776,1,40,54.1837826684354,2021-05-20,1
CUST_0205,57.0,Male,South,Primary,Salaried,329485.80199169327,842909.536393711,Business,600.0508164845803,4,44,68.45558891450304,2018-04-02,0
CUST_0206,52.0,Male,East,Graduate,Salaried,1233410.3174442097,139584.86123427298,Education,740.0118471939302,2,49,28.721192757250904,2018-11-27,1
CUST_0207,53.0,Other,South,Graduate,Salaried,940000.0074243508,449134.50745113875,Business,691.3657406324352,2,40,36.77683865969736,2022-07-23,1
CUST_0208,21.0,Male,West,Secondary,Unemployed,553482.1453161745,456683.10306496307,Education,549.3957045255106,0,49,71.16787718925332,2020-08-12,0
CUST_0209,39.0,Male,South,Secondary,Salaried,502170.84796138667,10000000.0,Home,657.9609829466473,1,40,45.628424438872145,2025-02-14,0
CUST_0210,22.0,Male,East,Graduate,Self-Employed,,694445.6893353853,Education,682.989315618873,2,51,42.42819198975678,2021-06-05,0
CUST_0211,64.0,Male,South,Secondary,Self-Employed,440522.27143409324,167816.77065289806,Car,634.5631640886804,3,51,20.950955462187377,2018-07-13,1
CUST_0212,46.0,Female,East,Secondary,Unemployed,696399.3583836396,338052.91753689165,Business,772.1171319123894,2,58,64.27019355265561,2019-06-14,0
CUST_0213,52.0,Male,South,Graduate,Salaried,1231196.4460875841,629182.0902841542,Education,774.8351368008579,2,47,41.60755733848871,2025-12-02,0
CUST_0214,26.0,Male,East,Graduate,Self-Employed,416039.8077393457,724115.2482453426,Home,651.3132380815366,1,38,5.922307167178154,2021-06-20,0
CUST_0215,52.0,Male,East,Secondary,Salaried,796082.4961914753,499616.70488957386,Car,643.0830858984693,1,43,16.692524734207424,2022-01-13,0
CUST_0216,24.0,Male,South,Post-Graduate,Salaried,773264.5744608513,367738.85111895314,Car,670.157399497301,1,51,34.891548926711444,2019-10-01,0
CUST_0217,31.0,Male,West,Secondary,Salaried,616117.1429774414,413761.0739743695,Car,664.9939575644989,2,48,25.68883872307256,2022-05-30,0
CUST_0218,37.0,Male,North,Graduate,,492693.90143784106,755615.4391822262,Education,635.5623579648558,2,48,28.51268843340039,2022-05-17,0
CUST_0219,58.0,Female,West,Graduate,Salaried,1267891.7290685868,460806.46150755225,Car,401.84025430075314,2,48,87.20405811546175,2024-11-30,0
CUST_0220,44.0,Male,South,Graduate,Self-Employed,467925.7423883504,217012.35794104438,Business,811.610890669971,0,41,57.73541424598987,2024-12-02,0
CUST_0221,25.0,Male,West,Graduate,Salaried,239930.90049162495,189767.43080429992,Home,680.0313472833607,2,46,5.0,2024-05-24,0
CUST_0222,54.0,Female,East,Post-Graduate,Self-Employed,924511.8220819611,158618.41112790088,Education,,1,58,39.34220559803096,2019-11-29,0
CUST_0223,26.0,Male,North,Secondary,Unemployed,335712.6281070968,1246573.8607327293,Business,704.3876847538963,3,39,43.38911866763038,2023-08-08,0
CUST_0224,42.0,Female,South,Graduate,Salaried,950993.2764676422,791928.3081408624,Education,673.9956688599433,2,40,18.415189189140584,2022-08-29,0
CUST_0225,31.0,Male,South,Secondary,Unemployed,1354474.9252925261,417676.0217989229,Car,647.7263116515912,1,42,54.61895349964698,2025-07-05,1
CUST_0226,36.0,Male,South,Secondary,Salaried,919044.7321759823,327534.3198924269,Other,604.5765510206038,1,40,8.254992147481467,2019-06-24,0
CUST_0227,53.0,Male,North,Secondary,Salaried,1171744.073449942,301116.30250704655,Home,542.1040417628228,1,47,64.74504523986667,2018-11-26,0
CUST_0228,29.0,Male,East,Post-Graduate,Salaried,1974359.6002206283,967304.7135516078,Home,578.4215802534205,1,46,70.94753967101191,2019-04-15,0
CUST_0229,26.0,Female,South,Post-Graduate,Salaried,1106205.1103947696,1706758.1620193878,Car,596.2494449967389,2,58,87.34653142122605,2025-12-06,0
CUST_0230,36.0,Male,West,Secondary,Salaried,779605.2710495472,294557.0009615587,Home,728.8191618530726,3,30,16.662073423807566,2019-06-18,0
CUST_0231,49.0,Male,South,Primary,Salaried,,998384.4746095394,Other,734.3467360073296,2,37,20.323847546997555,2023-05-17,0
CUST_0232,23.0,Male,South,Graduate,Salaried,1706327.8982707507,458911.1523759945,Home,613.8650671649922,0,48,57.46809661654916,2019-04-12,0
CUST_0233,40.0,Male,South,Graduate,Unemployed,1719513.7798015832,387822.33366445074,Business,480.2259394671954,4,52,66.28824099118759,2024-10-03,1
CUST_0234,56.0,Female,South,Secondary,Self-Employed,495859.90118194185,1289742.1333493488,Business,680.6840539626407,2,46,59.5611479044543,2020-02-01,0
CUST_0235,39.0,Male,East,Graduate,Self-Employed,308666.7653589878,446809.1644308474,Home,648.3843338255512,3,45,64.43490612949668,2020-10-02,0
CUST_0236,46.0,Male,West,Graduate,Self-Employed,479486.9422789191,553744.1130504006,Education,646.5303134974902,1,52,69.7828925153706,2020-06-09,0
CUST_0237,23.0,Male,East,Post-Graduate,Self-Employed,957164.4842714261,535413.4947750792,Home,751.6953106823273,1,37,48.64050711952619,2024-06-13,0
CUST_0238,39.0,Male,West,Secondary,Salaried,709464.0194870435,144218.28589983712,Car,690.3989469104639,4,43,41.174101558429335,2023-05-10,0
CUST_0239,40.0,Female,South,Graduate,Salaried,580220.2779701854,550669.8172890194,Home,606.771526360994,3,36,20.37281025734273,2024-07-09,1
CUST_0240,52.0,Male,North,Graduate,Self-Employed,884689.8505525015,303494.4020416702,Other,589.5190224530713,1,45,39.63410270611563,2020-08-11,0
CUST_0241,27.0,Female,East,Graduate,Salaried,289463.60372994124,166407.63065916926,Other,660.3041482261283,2,37,42.39200875804387,2021-12-14,0
CUST_0242,61.0,Male,North,Graduate,Self-Employed,702478.9786779184,313328.33252758515,Home,612.0190428357769,1,57,27.905677680163407,2022-07-31,0
CUST_0243,53.0,Male,East,Graduate,Salaried,1202459.1945476162,311523.6860493777,Home,674.5701781979287,1,39,44.31196437917285,2025-10-07,0
CUST_0244,60.0,Other,South,Secondary,,879273.4728087846,925343.8148256656,Business,756.9606533301475,1,51,25.87717859256931,2020-04-11,0
CUST_0245,59.0,Male,East,Graduate,Salaried,950955.9719567589,213704.63502543254,Home,576.5163191300412,0,48,65.03998205424905,2020-04-23,0
CUST_0246,38.0,Male,South,Graduate,Salaried,1564822.0608358067,258877.34430861275,Business,686.5834576106727,3,41,52.664840445224876,2024-04-16,0
CUST_0247,60.0,Female,East,Secondary,Salaried,626778.7178231839,530605.7960112205,Education,748.6287487002043,1,40,36.72713360091035,2021-08-12,0
CUST_0248,21.0,Male,South,Graduate,Self-Employed,453852.36101297464,177894.72501313206,Car,673.5359498136419,3,48,48.39913094086953,2018-07-03,0
CUST_0249,31.0,,South,Secondary,Salaried,1250383.566411128,283707.2373323439,Business,734.118567133824,2,43,25.108384277553302,2021-07-07,0
CUST_0250,48.0,Male,West,Secondary,Salaried,1237797.302407324,140346.4302744767,Car,658.4545630913403,0,52,26.933530263853257,2025-10-17,0
CUST_0251,45.0,Female,South,Post-Graduate,Self-Employed,883625.0172432814,856843.7712897621,Other,692.8121059567727,5,45,33.59061651100999,2022-08-18,0
CUST_0252,43.0,Female,West,Graduate,Self-Employed,595123.1224161125,364415.02564064006,Other,,1,44,41.54529473263618,2024-02-12,0
CUST_0253,51.0,Male,South,Graduate,Salaried,650493.4124143368,445013.71025916684,Home,637.0998171302649,6,36,47.54163262480243,2021-12-03,1
CUST_0254,50.0,Female,North,Secondary,Self-Employed,322063.0195288235,854447.2824476389,Home,829.3007012892499,2,50,47.612814604128104,2025-11-25,0
CUST_0255,62.0,Male,South,Graduate,Salaried,1198819.9230960417,271417.8089853929,Other,723.3185135248941,2,37,21.262002003048593,2022-12-02,0
CUST_0256,55.0,Other,North,Secondary,Salaried,1175772.4127193736,361715.02451719565,Other,777.7239124037691,0,42,43.54688010794115,2019-09-19,0
CUST_0257,27.0,Male,North,Secondary,Salaried,315938.27117852255,7000000.0,Home,,3,43,30.275004229532016,2025-12-16,0
CUST_0258,36.0,Male,South,Post-Graduate,Self-Employed,1047508.7542473283,214496.83393884986,Business,704.5466951962559,0,53,5.0,2023-08-18,0
CUST_0259,46.0,Male,North,Graduate,Self-Employed,811779.111631745,236237.94933338818,Car,783.9342066769856,1,36,100.0,2020-02-22,1
CUST_0260,22.0,Male,West,Graduate,Salaried,370512.2850346714,318780.9880569195,Home,305.0,0,44,30.624286932847596,2022-02-16,0
CUST_0261,,Male,East,Secondary,Self-Employed,334846.5115320411,343741.7706762196,Business,625.2668537619228,2,40,31.6232612253935,2022-11-20,0
CUST_0262,32.0,Female,South,Post-Graduate,Salaried,,550755.0133407791,Home,681.1114423672223,0,52,20.764149797509347,2020-02-14,0
CUST_0263,25.0,Female,North,Graduate,,522296.3255272469,241144.35055350247,Other,604.5374815688651,2,49,25.96512681545087,2022-10-26,0
CUST_0264,57.0,Other,South,Graduate,Salaried,,562837.2195696946,Home,522.3721753917648,2,39,41.603898331545906,2023-02-07,0
CUST_0265,52.0,Male,West,Graduate,Salaried,1097622.1969617596,5000000.0,Education,616.0593317705731,1,50,69.3326398341605,2020-10-03,0
CUST_0266,29.0,Male,South,Primary,Salaried,843452.5005681863,324333.4180699307,Home,,2,40,41.50172391214176,2019-11-08,0
CUST_0267,61.0,Male,South,Secondary,Salaried,866676.5291723808,256195.38654792958,Car,759.6443589116061,0,44,39.17587843377586,2023-01-05,0
CUST_0268,55.0,Male,North,Graduate,Self-Employed,1351471.5463255043,477614.014456784,Education,615.8360596567734,5,38,66.60493158638498,2018-07-30,0
CUST_0269,39.0,Male,West,Secondary,Salaried,1035414.711970504,390413.0802268322,Home,755.7621840145366,1,51,35.5608624503685,2021-08-29,1
CUST_0270,36.0,Male,East,Secondary,Salaried,855635.0177330694,525050.1927479092,Car,589.1987760644843,2,61,45.380689120361986,2022-06-16,0
CUST_0271,23.0,Female,East,Post-Graduate,Salaried,379110.8778254267,1350397.2509997988,Car,611.0358150395413,2,39,28.411738826166335,2021-09-22,0
CUST_0272,40.0,Male,North,Graduate,Salaried,2500000.0,472148.4820187964,Home,788.6867452547339,1,50,75.33240301714626,2019-05-05,0
CUST_0273,44.0,Male,South,Graduate,Salaried,354327.5778361392,287662.0028951059,Business,683.5715764971872,1,33,63.87318432064524,2021-11-27,0
CUST_0274,53.0,Male,North,Graduate,Self-Employed,547342.0119962776,241199.61156022974,Car,666.9783541036518,1,55,42.2462273483994,2025-05-10,1
CUST_0275,44.0,Male,North,Graduate,Salaried,261614.43843758045,247820.9329575449,Education,697.645999243087,3,52,37.810020926326935,2018-07-10,1
CUST_0276,31.0,Male,North,Secondary,Self-Employed,874201.895078445,161630.22553298037,Car,835.0,1,58,44.4268897805387,2025-06-11,0
CUST_0277,28.0,Other,South,Secondary,Self-Employed,706330.3906108015,864514.5267330391,Car,655.1863903569633,2,48,42.509113585005586,2020-04-22,0
CUST_0278,56.0,,West,Secondary,Salaried,990167.780468758,94250.14918723774,Home,680.1995868594913,1,44,17.15724602419188,2018-12-01,0
CUST_0279,58.0,Male,North,Secondary,Self-Employed,249756.4556847656,633285.2516568255,Car,772.3535702134575,2,44,64.48801412565675,2022-07-01,0
CUST_0280,,Male,South,Graduate,Salaried,1198792.980455167,245084.45075062354,Car,554.7187145523949,1,44,40.91151995560106,2021-01-15,0
CUST_0281,40.0,Female,West,Secondary,Salaried,416915.220127267,314367.89258769405,Business,812.2242736531828,0,48,79.17012676883061,2019-08-02,0
CUST_0282,55.0,Other,North,Graduate,Salaried,598855.0027215971,240004.15451787072,Business,670.6514196256218,2,46,52.59268279372648,2018-03-03,0
CUST_0283,45.0,Female,East,Secondary,Salaried,1085001.404739243,1238124.2906300703,Car,596.7082813274743,3,40,5.0,2019-01-22,1
CUST_0284,55.0,Male,West,Secondary,,750447.007631545,455168.8750035759,Home,583.1273962899206,3,32,21.93077790271709,2021-03-15,0
CUST_0285,45.0,Male,North,Graduate,Salaried,6000000.0,782514.576451906,Home,700.4861987753154,1,51,6.371008079071302,2024-01-10,0
CUST_0286,49.0,Male,West,Secondary,Salaried,,1118357.5153655366,Home,578.9592889948606,3,54,21.707135022259834,2019-09-11,1
CUST_0287,38.0,Other,West,Secondary,Salaried,822877.3938027635,504532.0744992855,Home,637.9907341180176,2,40,15.595169864591156,2022-08-11,0
CUST_0288,38.0,Female,West,Secondary,Salaried,538810.006660486,194865.76622041233,Car,,2,49,49.546214826873126,2025-07-08,0
CUST_0289,22.0,Male,West,Secondary,,593130.4407582739,385598.87981316523,Home,765.7756804553619,0,55,39.310463851087036,2023-02-21,0
CUST_0290,55.0,Female,West,Graduate,Self-Employed,730336.6820806222,267648.3449722407,Home,756.384009444798,4,45,58.329718524520004,2024-02-04,0
CUST_0291,36.0,Female,West,Secondary,Salaried,397190.6973942586,316332.7511228243,Home,631.775570741078,1,60,44.314207511868695,2025-12-04,1
CUST_0292,61.0,Male,North,Secondary,Salaried,1124143.98811408,421159.20776564174,Home,664.0487622334308,2,40,40.67443677339297,2019-05-02,0
CUST_0293,56.0,Other,East,Graduate,Self-Employed,761836.5450238241,409664.54148613964,Home,560.3461324868191,2,44,81.0577250868482,2021-07-01,0
CUST_0294,53.0,Female,South,Secondary,Self-Employed,677289.8433029014,600476.7935005185,Home,527.067836506721,0,38,49.010807409453044,2024-12-22,0
CUST_0295,24.0,Male,West,Post-Graduate,Self-Employed,,664716.4697173374,Car,587.8210664305535,0,42,43.55079268495366,2019-06-25,1
CUST_0296,53.0,Male,South,Graduate,Salaried,608447.0303700467,409667.5427315444,Car,764.2323020994357,2,56,29.638063438775227,2022-03-16,0
CUST_0297,34.0,Male,North,Graduate,Salaried,587949.3557167639,596855.9684694767,Home,848.0,1,36,23.833556717946706,2023-08-23,0
CUST_0298,41.0,Male,West,Graduate,Salaried,497913.5873980924,306340.02698032965,Car,708.757719694746,1,50,58.86901833105782,2018-05-31,0
CUST_0299,,Male,East,Secondary,Salaried,784980.7677485782,1129571.301682504,Car,570.6781635034567,1,47,57.79252796102747,2020-12-09,0
CUST_0300,28.0,Male,South,Graduate,Self-Employed,770176.6641339755,302896.0511120262,Home,626.6255316956641,5,42,73.288417301082,2021-05-23,0
CUST_0301,27.0,Other,West,Secondary,Self-Employed,15000000.0,1040314.2625308906,Home,615.6634228866034,4,54,53.62040867945068,2020-09-17,0
CUST_0302,23.0,Male,North,Post-Graduate,Salaried,589479.9311088028,160132.34322982334,Car,667.5501222034578,2,43,37.92414892608818,2025-05-15,0
CUST_0303,37.0,Male,East,Secondary,Self-Employed,452230.09733545635,344799.29791455396,Education,662.8209832525913,1,47,54.198185017865704,2019-01-07,0
CUST_0304,53.0,Male,South,Graduate,Salaried,,356938.27270262036,Home,604.8532357478128,1,41,43.554589160329066,2021-02-10,0
CUST_0305,32.0,Male,South,Graduate,Salaried,251018.98041094677,547050.8934239156,Home,706.1912605923908,0,43,60.57693241332786,2024-04-18,0
CUST_0306,42.0,Female,West,Primary,Salaried,572476.5210750706,822640.5463126153,Business,310.0,2,39,69.0179728833368,2023-10-02,1
CUST_0307,42.0,Male,East,Secondary,Unemployed,254870.3709133508,187667.3424839097,Home,625.338267568029,1,41,41.96598576509182,2021-02-27,0
CUST_0308,50.0,Male,East,Graduate,Salaried,503923.12939790596,207194.80824407868,Home,702.8208793724399,2,45,76.6315735166653,2018-07-12,0
CUST_0309,58.0,Male,East,Graduate,Unemployed,464049.0731146928,168664.56757982323,Business,764.321402624789,4,38,66.39025081718735,2025-03-23,1
CUST_0310,58.0,Female,East,Secondary,Self-Employed,1159233.9110132786,1133852.6309851492,Business,787.1045582842435,1,38,45.318318109759275,2020-12-16,0
CUST_0311,,Female,North,Graduate,Salaried,371949.54725605104,554225.1669560587,Car,716.7996617457394,1,46,57.07337895104289,2023-11-15,0
CUST_0312,28.0,Male,East,Post-Graduate,Salaried,427656.30669296806,210647.84051560628,Car,714.5950957557017,1,30,50.498943965643306,2018-07-17,0
CUST_0313,47.0,Male,South,Post-Graduate,Self-Employed,526964.9755808004,329996.2104781737,Home,661.9895814481766,1,40,45.395891870477286,2024-01-04,0
CUST_0314,47.0,Male,South,Secondary,Salaried,472431.7795302477,1029141.8305598656,Home,757.228467165137,3,44,79.43661101651418,2022-05-18,0
CUST_0315,54.0,Male,North,Graduate,Unemployed,1380308.772720781,370392.8212636321,Education,599.723641149516,4,53,54.31688029783244,2022-05-20,0
CUST_0316,41.0,Male,South,Secondary,Unemployed,347498.4858441706,355390.0384872921,Home,748.5387607556123,1,51,29.862569508640924,2025-08-02,0
CUST_0317,50.0,Male,South,Post-Graduate,Salaried,527579.6706997046,260431.50448668326,Car,658.4296449364398,2,46,26.496545815285046,2019-11-15,0
CUST_0318,53.0,Male,East,Graduate,Salaried,780245.2161296491,219587.97798799083,Other,791.8202620401297,3,57,27.232255431859905,2018-11-29,0
CUST_0319,48.0,Male,South,Secondary,Unemployed,1055345.2056784297,1030268.0087786772,Other,724.1154805280056,1,47,53.81108101652712,2021-05-28,0
CUST_0320,53.0,Female,North,Graduate,Self-Employed,527336.8387767499,1452408.7948077123,Home,674.9100326695175,2,54,38.852753898256964,2021-11-22,0
CUST_0321,25.0,Male,East,Secondary,Salaried,226335.3123377335,225791.38569057488,Education,662.2634263321795,2,48,50.99928689903,2021-09-27,0
CUST_0322,39.0,Male,West,Post-Graduate,Salaried,598493.1268772124,1203160.6079026898,Car,719.4209640836327,1,33,61.855133129304704,2022-12-27,0
CUST_0323,24.0,Male,East,Post-Graduate,Salaried,,319921.2882637212,Business,715.7843260764541,2,49,81.51684354778119,2025-01-03,0
CUST_0324,55.0,Male,North,Graduate,Unemployed,759131.8190673086,653799.7942050258,Home,650.1242746624604,2,48,39.267481793609576,2024-01-29,0
CUST_0325,37.0,Female,East,Secondary,Self-Employed,740260.526582296,1207608.51155921,Home,686.887681870126,1,51,19.646089068001853,2022-01-31,0
CUST_0326,64.0,Male,East,Graduate,Self-Employed,362241.9894085508,406544.7324137391,Home,747.2292565511451,2,36,77.26323717595308,2022-11-07,0
CUST_0327,48.0,,North,Secondary,Salaried,342356.6357192759,357697.7079774324,Car,577.7482806589812,3,43,18.772185198256715,2023-07-04,1
CUST_0328,50.0,Female,East,Primary,Salaried,656481.9963223203,788398.9609979138,Car,734.4408665415285,3,53,18.064283265795744,2025-02-24,0
CUST_0329,49.0,Male,North,Graduate,Self-Employed,296623.58832908666,206909.31321050445,Business,845.0,2,41,76.79610467940417,2025-01-03,0
CUST_0330,26.0,Male,North,Secondary,Salaried,998966.8402843142,1004445.1186304577,Education,768.9985606671119,0,34,64.19216749927463,2021-04-27,0
CUST_0331,55.0,Female,West,Secondary,Salaried,408020.2991614345,497310.2901154666,Home,626.3259724022572,1,31,53.72712614207128,2021-02-17,0
CUST_0332,61.0,Male,South,Post-Graduate,Salaried,641244.5250323997,20000000.0,Car,680.4287064569668,3,34,44.10142204583747,2018-04-15,0
CUST_0333,57.0,Male,South,Secondary,Self-Employed,230396.2280955925,294809.75807925593,Home,695.3801282003672,1,30,40.69432768688543,2025-06-14,0
CUST_0334,44.0,Other,East,Secondary,Unemployed,523418.4999782974,170856.46609833723,Business,735.4097387900176,3,41,33.2851315501019,2020-03-17,0
CUST_0335,49.0,Male,East,Post-Graduate,Salaried,338576.1607815378,309181.06189889455,Other,712.183769687075,0,48,39.90522286304251,2020-11-30,0
CUST_0336,51.0,Male,West,Secondary,Salaried,181253.45096341593,374061.8467438028,Other,587.0333675890794,2,37,44.146523141447,2020-06-07,1
CUST_0337,55.0,Male,West,Graduate,Salaried,875666.6763053277,214078.35878904472,Business,701.8283024646234,1,47,20.25990194509041,2025-06-17,0
CUST_0338,53.0,Female,West,Post-Graduate,Unemployed,,435904.0278347422,Home,830.3171580702806,2,46,30.23588671249579,2018-11-17,0
CUST_0339,41.0,Male,North,Post-Graduate,Salaried,1209766.732597942,626588.1971064518,Home,725.8818181970986,1,42,6.985471520444477,2024-07-10,0
CUST_0340,52.0,Male,West,Graduate,Salaried,945678.1057052334,387539.2320097728,Education,802.853520840245,0,46,46.40269413780564,2024-04-30,0
CUST_0341,43.0,Male,West,Secondary,Salaried,517601.541069825,715624.5524377081,Other,758.2296032971109,0,37,46.40582161951788,2025-12-22,0
CUST_0342,53.0,Male,East,Secondary,Self-Employed,1012534.6175721985,255762.58061281126,Home,782.1801451578807,1,44,77.01327785277323,2022-02-09,0
CUST_0343,23.0,Male,West,Graduate,Salaried,1274222.6967913306,908337.0568618885,Home,703.2476495738529,1,49,51.75998859658606,2024-07-27,0
CUST_0344,38.0,Male,North,Post-Graduate,Salaried,700801.2821755405,8000000.0,Business,,4,66,34.99124279552319,2022-04-18,0
CUST_0345,45.0,Male,North,Graduate,Salaried,338855.67122266395,1327333.8717484958,Home,699.1638317481031,0,47,41.39360996940481,2022-12-02,0
CUST_0346,62.0,Male,East,Secondary,Self-Employed,493889.1002993781,2438649.548478848,Car,680.3255648787142,1,36,53.76280162519983,2022-02-28,0
CUST_0347,51.0,Male,West,Secondary,Salaried,1658146.0692468155,323784.1429012721,Education,735.6646235051828,2,40,49.09702727781003,2023-04-03,0
CUST_0348,23.0,Male,West,Secondary,Self-Employed,623820.751821553,333253.30248205,Home,640.9248545744599,8,42,55.40914654580877,2023-02-09,0
CUST_0349,60.0,Male,North,Graduate,Salaried,150000.0,378750.6592439931,Home,821.4036737010974,0,48,51.78680592368283,2021-11-06,0
CUST_0350,44.0,Male,West,Graduate,Salaried,289763.3217511754,682825.3780766377,Business,610.3990274233795,5,33,40.45240322657999,2025-06-16,0
CUST_0351,52.0,Female,West,Post-Graduate,Salaried,514669.8237676251,1138454.0927268586,Education,740.8541089937869,1,44,35.35572076068601,2022-02-13,0
CUST_0352,42.0,Male,West,Graduate,Self-Employed,1149033.2826120392,284940.85825664824,Other,783.4003562977691,1,44,34.38788032872061,2023-05-14,0
CUST_0353,43.0,Male,South,Secondary,Salaried,559338.6306404428,587642.3821779742,Car,666.7533684529698,3,49,28.34511687680294,2018-01-05,0
CUST_0354,22.0,Male,East,Graduate,Self-Employed,1160852.3202401104,409156.80949590093,Home,596.5267016646377,1,40,25.52185289205854,2023-09-13,0
CUST_0355,47.0,Female,South,Graduate,Self-Employed,486668.4393066498,693619.7880496887,Business,766.6647191961766,1,41,78.09235075552455,2021-03-14,0
CUST_0356,,Female,East,Graduate,Salaried,220657.44484435592,1294484.6848069313,Car,695.2546482537691,1,36,47.244782729629,2024-07-26,0
CUST_0357,22.0,Male,North,Graduate,Self-Employed,,380321.83046531025,Home,740.9987054451308,1,41,42.20457388004998,2025-03-15,0
CUST_0358,46.0,Male,West,Graduate,Self-Employed,785791.9900795046,139817.80973810187,Business,671.7909050872012,0,48,36.07408230888769,2024-11-17,0
CUST_0359,37.0,Female,East,Graduate,Salaried,750729.2406711152,757466.0793012672,Home,809.8943511741797,0,33,52.71982396795679,2018-12-14,0
CUST_0360,60.0,Male,South,Secondary,Salaried,325923.63348072005,251226.25055230604,Home,521.2243960845238,2,49,66.66594994900932,2022-11-01,0
CUST_0361,53.0,Male,West,Primary,Unemployed,535828.6632735912,407103.1393152231,Home,708.2133163462801,2,37,130.0,2018-05-05,0
CUST_0362,29.0,Male,North,Graduate,Salaried,2500000.0,780682.9929856953,Car,,1,50,61.58860357160719,2022-12-19,0
CUST_0363,63.0,,East,Secondary,Self-Employed,329862.04065432504,554143.6672180098,Car,687.9004283622047,4,34,34.44248192068838,2024-08-01,0
CUST_0364,59.0,Other,East,Secondary,Unemployed,934835.1745496577,419072.34448096075,Car,702.6769019762684,2,44,44.92567364789917,2025-01-18,0
CUST_0365,49.0,Female,East,Primary,Salaried,205162.16776385877,300705.2003655193,Business,647.4491140574744,1,48,34.67919398653873,2019-05-13,0
CUST_0366,62.0,Male,West,Graduate,Self-Employed,1045298.6012477259,59105.379063421424,Other,681.5516380899963,1,49,110.0,2021-03-22,0
CUST_0367,46.0,Male,South,Secondary,Salaried,397897.0877221277,733679.4039168048,Home,554.6107540147771,3,52,67.9066381450478,2018-02-22,1
CUST_0368,55.0,,South,Graduate,Salaried,810880.670767171,376975.9503757075,Home,626.1176500535231,2,47,52.90926920826915,2018-05-29,0
CUST_0369,45.0,Female,East,Post-Graduate,Salaried,319460.3870437104,1298003.9982995994,Home,620.9933654673329,2,33,74.28085858792893,2019-05-18,1
CUST_0370,44.0,Male,North,Primary,Salaried,762758.4508516074,594587.0932611517,Home,730.1842993271973,2,47,39.80657501189745,2020-05-19,0
CUST_0371,33.0,Female,North,Primary,Self-Employed,394340.4806588622,308110.91198217403,Education,637.1472680534199,2,46,30.474701027693158,2018-08-07,0
CUST_0372,27.0,Other,South,Secondary,Self-Employed,438647.3828831381,949615.0050635461,Business,639.3143337545134,0,38,54.21831276049703,2021-07-24,0
CUST_0373,56.0,,North,Post-Graduate,Self-Employed,828871.109864943,1007309.4726801055,Business,,0,37,47.13945053801074,2024-11-04,1
CUST_0374,65.0,Male,South,Secondary,Salaried,512992.0514859629,386033.9475882899,Home,623.8516473113511,1,52,50.808640556964015,2023-11-01,0
CUST_0375,40.0,Male,East,Secondary,Salaried,,1037738.3790629463,Car,700.1766701946273,1,40,48.11796293339697,2020-01-08,0
CUST_0376,21.0,Female,South,Primary,Self-Employed,585232.7536768503,305067.15844572865,Car,708.3223602074683,3,40,36.28018127967343,2025-01-18,0
CUST_0377,28.0,Male,South,Graduate,Salaried,674582.4369826386,503206.70063753036,Home,741.8763934791319,4,40,48.52324885986,2024-09-17,1
CUST_0378,36.0,Female,East,Graduate,Unemployed,830285.7528933303,671311.6291801971,Education,728.9562561715957,1,40,62.52066964492508,2018-10-17,0
CUST_0379,34.0,Male,North,Graduate,Self-Employed,536175.8646062245,779454.7927090611,Other,721.4568308738526,5,38,64.36993874223518,2024-10-03,0
CUST_0380,32.0,Male,South,Post-Graduate,Self-Employed,375833.0318700142,695278.7725998575,Car,655.3273749501917,0,37,36.18870121466331,2018-12-05,0
CUST_0381,43.0,Male,South,Secondary,Unemployed,485025.0876088762,356519.0078445924,Business,650.5172187246591,2,39,49.158106771148724,2025-09-25,0
CUST_0382,35.0,Male,East,Graduate,Salaried,1254257.3354194313,967616.5969134368,Car,614.6591748238658,0,47,71.58799949186857,2025-07-21,0
CUST_0383,48.0,Other,North,Primary,Self-Employed,692887.4381822455,412463.805049306,Home,613.3067233329424,5,47,36.57796651692856,2022-08-21,0
CUST_0384,54.0,Female,South,Post-Graduate,Salaried,408412.7125558932,302151.46433248,Education,694.5696057259445,6,32,33.30996481021407,2023-02-12,1
CUST_0385,22.0,Female,East,Graduate,Unemployed,810645.3813403351,305274.38820690714,Home,626.043796941494,1,41,59.299253351439674,2020-09-13,0
CUST_0386,52.0,Male,South,Post-Graduate,Salaried,840961.5458457434,1749769.697445827,Home,,0,37,56.14126572564862,2020-08-16,1
CUST_0387,43.0,Male,West,Primary,Self-Employed,865209.6561181146,267697.9206680545,Education,677.1874382694131,1,43,29.934430528822,2021-05-15,0
CUST_0388,42.0,Male,East,Secondary,Self-Employed,379616.6404912301,1111418.3167462982,Business,792.6042580369656,2,44,19.80970925476479,2025-06-26,0
CUST_0389,45.0,Male,North,Secondary,Salaried,446597.3099694441,12000000.0,Car,722.8825290928376,4,35,48.80800984133425,2021-07-12,0
CUST_0390,42.0,Male,North,Secondary,Salaried,447965.53286084754,633196.8759948431,Car,621.7072674146216,1,42,37.465252238431326,2023-06-30,0
CUST_0391,42.0,Male,North,Secondary,Self-Employed,,554022.8873543683,Business,675.3465358563636,0,58,14.686627416688555,2019-01-08,0
CUST_0392,62.0,Male,North,Secondary,Salaried,874260.0878324636,1399830.4464252454,Business,554.4910744161713,2,48,32.63035457072763,2022-02-20,0
CUST_0393,26.0,Male,South,Secondary,Salaried,764998.6013251591,284623.2159084935,Business,694.2819016298964,1,45,55.846976670622354,2019-06-15,0
CUST_0394,35.0,,South,Graduate,Salaried,798984.6142524556,234576.7039627378,Home,628.5673694116012,2,54,42.274607203602095,2020-07-12,0
CUST_0395,,Female,North,Graduate,Salaried,1368790.649233571,414755.96781885606,Other,596.4906493838554,0,47,73.18987281033588,2018-01-23,0
CUST_0396,57.0,Male,North,Graduate,Self-Employed,949430.5423501981,1443186.5983978072,Home,794.1610068911035,0,48,7.429726612462687,2023-11-22,0
CUST_0397,53.0,Male,North,Primary,Salaried,,242338.7757014977,Education,757.2940805738216,0,53,69.08386268676867,2018-08-29,0
CUST_0398,28.0,Female,South,Graduate,Salaried,338944.20813419553,73505.18443203098,Home,755.2279234071847,1,41,38.80973916420861,2020-10-01,0
CUST_0399,64.0,Male,North,Primary,Salaried,438768.3109335496,469226.25348152657,Education,738.6583457488208,2,37,36.20841595278516,2023-03-12,0
CUST_0400,64.0,Female,North,Post-Graduate,Salaried,562862.0523605775,874728.5637172526,Home,587.3833216905663,4,49,17.078510940331448,2021-03-11,0
CUST_0401,,Female,West,Secondary,Salaried,1025559.6760038871,221314.20412262398,Car,649.9640380394871,3,49,53.37147328456967,2020-03-24,0
CUST_0402,59.0,Male,West,Graduate,Salaried,640301.9097658375,814683.833901325,Car,654.5372268897585,3,40,12.118284108115667,2019-10-17,0
CUST_0403,24.0,Male,North,Post-Graduate,Salaried,453078.1321219823,217916.04921039086,Home,551.7697194425801,0,60,59.72226560276251,2020-02-22,0
CUST_0404,26.0,Male,East,Graduate,Salaried,434363.2978434777,406123.21865474706,Education,638.2249178867008,5,42,17.759446829248297,2024-06-12,0
CUST_0405,65.0,Male,North,Graduate,Self-Employed,625595.7201298332,762136.1417671557,Business,639.0426518287218,0,37,20.59729271573561,2018-01-08,0
CUST_0406,52.0,Male,West,Graduate,Salaried,1060467.9183499315,195981.80073910445,Other,689.4499210621221,3,32,23.558136899711727,2022-09-11,0
CUST_0407,50.0,,East,Post-Graduate,Salaried,1559363.46398308,510967.97388238506,Home,850.0,1,44,32.11290058691705,2019-07-29,0
CUST_0408,55.0,Male,East,Graduate,,580447.660320656,1053348.104073305,Business,678.4327792546446,1,48,61.957366939791015,2020-06-30,0
CUST_0409,60.0,,North,Graduate,Salaried,634199.5252164993,627034.4305055863,Education,689.4885840927251,0,39,72.07121760518977,2019-06-02,0
CUST_0410,36.0,Female,West,Graduate,Self-Employed,333387.14907343127,271730.11309786,Car,661.2342295426894,1,49,33.97331611907951,2022-03-22,0
CUST_0411,,Female,West,Graduate,Salaried,1888481.36766345,1302903.3894430401,Home,735.3284660040308,1,56,44.161864176490816,2019-04-28,0
CUST_0412,62.0,Male,East,Graduate,Self-Employed,300792.5432087361,713457.1229302407,Education,599.4562093515667,4,31,53.81851156330521,2024-03-04,0
CUST_0413,50.0,Male,North,Graduate,Self-Employed,1238166.1273773909,122355.89654690768,Other,822.2028121365454,5,56,39.0723774527897,2025-06-09,0
CUST_0414,39.0,Male,South,Secondary,Salaried,531677.758509123,824039.2094639823,Education,670.6880594399886,0,51,53.11363729127394,2019-08-02,1
CUST_0415,37.0,Male,South,Secondary,Self-Employed,467463.2758340455,301655.4904375727,Car,650.3607625226701,2,45,44.926569512927436,2019-01-22,0
CUST_0416,39.0,Male,West,Primary,Salaried,353000.826521919,516379.55465267156,Car,752.752780524785,2,52,40.43772218238244,2019-02-16,0
CUST_0417,48.0,Male,South,Secondary,Salaried,2446708.9628602397,911280.1651038956,Home,850.0,5,40,19.443317491762244,2023-02-09,0
CUST_0418,46.0,Other,West,Primary,Salaried,734208.2852221424,306287.5521168805,Business,733.94382372915,0,53,47.682777562644056,2021-10-25,0
CUST_0419,57.0,Male,West,Graduate,Salaried,7500000.0,142213.9697836325,Business,785.387754169652,0,43,62.25076268366504,2021-10-08,0
CUST_0420,46.0,Female,West,Secondary,Self-Employed,1058570.9960496705,1290944.2638942543,Home,661.8992920697743,3,49,30.99099874067491,2023-05-22,0
CUST_0421,43.0,Other,South,Graduate,Self-Employed,,1016840.9704737572,Business,833.9631209809903,4,43,9.571128584592067,2021-09-21,0
CUST_0422,29.0,Male,West,Primary,Unemployed,650660.264113317,423336.9243801499,Home,728.3218644695941,2,44,39.24808843868453,2020-06-24,0
CUST_0423,32.0,Female,East,Secondary,Salaried,670455.4922890232,817820.2742315843,Other,729.2520694748322,4,43,72.17587160653535,2021-08-05,0
CUST_0424,21.0,Male,North,Graduate,Salaried,490434.7340435452,347469.4926861515,Car,782.4399001389493,1,52,66.8150988387795,2020-08-20,0
CUST_0425,21.0,,North,Graduate,,1257364.7058972116,481606.1705406618,Home,802.305121597728,1,49,34.55168029591346,2020-08-22,0
CUST_0426,54.0,Male,West,Primary,Self-Employed,576348.4562600696,406769.23030090204,Car,699.6379239804785,1,56,125.0,2023-12-28,0
CUST_0427,52.0,Male,North,Post-Graduate,Salaried,276649.04948554543,357446.86546370166,Car,739.7679081032703,1,47,56.043826436710205,2023-05-31,0
CUST_0428,45.0,Male,South,Post-Graduate,Unemployed,550677.2106798531,578685.6369857949,Home,784.7256119870696,1,51,71.826086186814,2024-06-05,0
CUST_0429,60.0,,South,Secondary,Salaried,745474.279297785,193160.68479341973,Education,592.8641692728922,2,48,17.0895186683909,2020-11-02,0
CUST_0430,65.0,Female,North,Secondary,Salaried,397641.5949004778,377337.87310832844,Education,550.2873200275515,0,45,25.761091848666396,2019-10-26,0
CUST_0431,21.0,Male,South,Post-Graduate,Self-Employed,415276.7754160463,560810.5867602796,Business,,1,43,8.824403497740235,2020-04-04,0
CUST_0432,36.0,Female,North,Graduate,Salaried,481318.82671192364,1629320.0806411228,Home,548.4881481935465,1,46,32.788634429792296,2023-03-03,0
CUST_0433,59.0,Male,North,Graduate,Salaried,1272389.586786566,198735.2689000211,Car,656.4503677769036,1,61,64.19350021443903,2024-09-13,0
CUST_0434,25.0,Male,North,Graduate,Self-Employed,497221.42520637123,647834.1506098673,Home,703.5780150649354,2,42,34.925055120797744,2020-09-18,0
CUST_0435,42.0,Male,West,Secondary,Salaried,1426510.773595195,699490.1596139709,Business,659.3270925458655,2,56,21.45259926323449,2021-02-06,0
CUST_0436,49.0,Male,North,Graduate,Self-Employed,463473.6910508595,120970.22867158469,Home,669.3805213922232,4,40,49.07945551467777,2024-01-06,0
CUST_0437,23.0,Male,West,Secondary,Salaried,777225.1974869834,599814.2313450826,Other,,2,54,49.542639062172384,2022-10-06,0
CUST_0438,32.0,Female,North,Graduate,Self-Employed,508537.46592119744,833344.5132956866,Business,739.1107657978208,5,47,26.693109846875984,2024-06-12,1
CUST_0439,46.0,Male,North,Graduate,Self-Employed,984090.738328637,679464.1401576877,Car,600.2402474658245,3,31,35.8911736706736,2020-12-19,1
CUST_0440,36.0,Male,North,Graduate,Salaried,351398.7357092739,424324.50494281395,Car,522.2823701708725,0,46,47.71037737162127,2019-03-11,0
CUST_0441,,Male,South,Secondary,,978034.628289682,568223.9438331296,Home,664.4495920600085,0,46,58.4277569404522,2018-01-21,0
CUST_0442,42.0,Female,West,Secondary,Unemployed,692010.0876636244,506811.3637955166,Home,748.6264943689966,0,49,33.32029583719706,2024-08-26,0
CUST_0443,49.0,Other,West,Graduate,Salaried,457134.1367366986,137913.60604300574,Business,685.9873093912232,5,43,30.726425759207856,2024-04-11,0
CUST_0444,,Male,North,Graduate,Unemployed,593211.2329625073,515208.57057905715,Other,592.6402238689824,2,37,79.42598440977494,2023-04-10,0
CUST_0445,48.0,Female,North,Graduate,Salaried,1511099.152330053,348033.3465409344,Home,687.6463225554752,1,47,40.067527846594,2022-01-12,0
CUST_0446,25.0,Male,South,Primary,Salaried,701195.5737079261,274752.876587676,Education,712.8727778576263,0,41,49.48981747585297,2021-01-04,0
CUST_0447,50.0,Female,South,Post-Graduate,Self-Employed,441629.7909764379,2562469.0626844307,Business,686.7737518639194,0,44,56.67056921512133,2025-07-08,1
CUST_0448,25.0,Male,South,Primary,Unemployed,335087.2874153723,1081472.2502610108,Education,660.156181483356,1,40,12.836051367337419,2025-03-22,0
CUST_0449,32.0,Female,West,Post-Graduate,Salaried,858292.2964080317,201165.33669281416,Home,716.4529011232062,1,40,44.6665146894269,2019-01-25,0
CUST_0450,36.0,Male,West,Primary,Self-Employed,723924.6039306052,573577.4184291537,Home,549.6179822884891,5,48,15.377106875874063,2025-02-28,1
CUST_0451,,Male,West,Graduate,Salaried,952636.8251998771,1248708.7241208444,Home,612.9533456928065,1,51,42.64600592218676,2021-09-16,0
CUST_0452,46.0,Female,North,Secondary,Salaried,290832.8652816074,157891.51367932334,Business,,0,55,69.71623023305679,2024-04-25,0
CUST_0453,41.0,Male,West,Post-Graduate,Self-Employed,341118.22354101593,474914.9720256767,Car,781.1289778991118,5,35,27.02757011900501,2019-03-02,0
CUST_0454,59.0,Male,East,Graduate,Self-Employed,1221403.544128323,490830.3215452517,Car,733.402379074129,1,39,15.004454584539179,2022-09-22,0
CUST_0455,56.0,Male,East,Secondary,Unemployed,779934.7548980017,184399.12481986432,Other,693.8843775735513,4,45,78.97834398359868,2020-10-26,1
CUST_0456,53.0,Male,South,Secondary,Salaried,871610.6579898546,586945.984494151,Education,571.2033759985394,1,56,24.352970842760907,2018-01-06,0
CUST_0457,50.0,Male,West,Secondary,Salaried,382793.0467505487,983010.75012701,Business,735.811084171109,0,54,18.02557804991417,2018-07-10,0
CUST_0458,57.0,Male,East,Secondary,Salaried,378959.52447874437,1293207.5664144154,Car,783.9905101243862,2,37,74.14256824902323,2018-05-28,0
CUST_0459,43.0,Male,South,Post-Graduate,Salaried,1121210.9940978899,377923.84672259213,Home,722.8621052347671,1,48,23.643541407651217,2019-02-09,0
CUST_0460,30.0,Male,West,Graduate,,1150647.4615965222,2592554.876690062,Other,677.3616937622332,3,37,74.60845577511523,2018-09-15,0
CUST_0461,25.0,,North,Graduate,Self-Employed,357236.0061534372,106556.0199085677,Car,727.3788523887962,3,33,49.93363490707178,2025-08-09,0
CUST_0462,56.0,Male,East,Graduate,Salaried,321603.23301789386,577436.961946024,Home,700.4687085689517,2,51,68.11122738012186,2023-11-08,0
CUST_0463,54.0,Male,North,Graduate,Unemployed,612314.6160901248,167442.7595470826,Car,749.4557175229804,1,45,48.34919404971451,2020-04-03,0
CUST_0464,51.0,Male,West,Secondary,Unemployed,418773.7146488,479323.35342929803,Home,747.7764231344715,1,40,64.43464256511763,2018-01-10,0
CUST_0465,30.0,Male,East,Secondary,,414003.76973103144,312283.94613202714,Car,663.4200847542255,1,42,28.46792119354619,2021-01-15,0
CUST_0466,39.0,Female,West,Graduate,Unemployed,326592.8628288263,641662.0750344853,Business,630.4518962836918,4,46,33.955150247579994,2020-04-17,0
CUST_0467,52.0,Male,North,Post-Graduate,Self-Employed,502368.41569842584,411756.058466166,Other,650.0132794485367,3,44,6.920793520296236,2020-09-14,1
CUST_0468,21.0,Male,East,Secondary,Salaried,344429.78565017885,252410.9865747427,Other,720.1887751253701,2,53,62.49206659964132,2019-09-17,1
CUST_0469,25.0,Female,North,Secondary,Salaried,355847.3569301411,264289.1897853048,Home,654.5420261151644,3,53,52.552248179676305,2018-01-30,0
CUST_0470,65.0,Female,West,Graduate,Salaried,765927.7763156715,1740572.2735483393,Car,623.7102786384633,2,50,26.8681567440704,2023-12-16,0
CUST_0471,24.0,Male,West,Post-Graduate,Salaried,630563.1657879811,613827.6569180572,Home,679.9284971560095,1,47,13.519763130277472,2024-10-04,0
CUST_0472,36.0,Female,North,Secondary,Self-Employed,848657.4563775795,136695.72743412355,Business,763.0592698001714,2,51,50.07263667525258,2020-12-14,0
CUST_0473,44.0,,East,Graduate,Salaried,262435.14201048296,661691.2102526749,Car,690.1331050350548,3,44,75.16718162589942,2024-06-10,0
CUST_0474,36.0,Male,North,Post-Graduate,Self-Employed,653541.933324282,392671.709941009,Education,659.2836502999679,0,52,135.0,2019-06-30,0
CUST_0475,22.0,Female,West,Primary,Self-Employed,2035655.198823462,451451.678936135,Business,704.0323844710074,1,42,33.147971306609094,2021-02-02,0
CUST_0476,48.0,Female,North,Primary,Salaried,529653.2231896374,798846.8821568799,Car,686.3029406787401,2,53,28.132662957336574,2021-04-10,0
CUST_0477,52.0,Male,West,Graduate,Unemployed,1023091.6143175305,1030198.3179236491,Car,534.9772219242741,1,42,67.4882767397938,2022-03-03,1
CUST_0478,47.0,Male,North,Post-Graduate,Salaried,1018184.2060559777,246676.72487520918,Other,732.256935726437,2,40,30.973539160615054,2023-09-01,0
CUST_0479,40.0,Male,East,Secondary,Salaried,1046107.694031728,440728.22906454286,Other,710.5593829960332,2,32,38.31877619968172,2024-09-04,0
CUST_0480,44.0,Female,East,Graduate,Self-Employed,712397.6771207897,307037.49720065313,Home,681.212884920931,1,58,63.75122834253803,2019-09-09,0
CUST_0481,32.0,Other,North,Graduate,Salaried,887421.1331982858,683380.0243972937,Car,759.6767525542191,1,50,56.4746688870537,2018-05-29,0
CUST_0482,55.0,Male,North,Graduate,Salaried,954731.2181433981,382463.9640326507,Other,770.9749523187648,0,50,39.007632060239786,2022-12-17,0
CUST_0483,53.0,Male,East,Graduate,Salaried,921928.5061953514,459309.1985960627,Home,739.9076496105164,1,52,32.41841505751179,2024-06-04,0
CUST_0484,53.0,Male,West,Graduate,Salaried,351564.20952057315,372431.76880826993,Car,616.2274387973349,3,50,71.38040921541686,2018-06-21,0
CUST_0485,63.0,Male,East,Graduate,Unemployed,254146.50637583673,417783.7365087282,Home,618.8216667029781,0,44,24.905345848092328,2018-02-16,0
CUST_0486,57.0,Male,West,Graduate,Salaried,276580.3606536481,1484010.1850040643,Car,,3,40,41.214866667707085,2019-09-18,0
CUST_0487,32.0,Male,North,Graduate,Salaried,560250.7027770221,2398943.94864854,Home,539.20820547911,1,49,17.89422322783858,2022-12-16,0
CUST_0488,23.0,Female,North,Graduate,,901114.2623462393,585936.8670620226,Car,668.8364363628415,1,45,66.39960920286663,2024-03-04,0
CUST_0489,21.0,Male,West,Post-Graduate,Unemployed,354088.2444789704,419586.0948418237,Home,712.9869355273312,0,30,36.452054234105894,2019-03-29,0
CUST_0490,53.0,Female,North,Primary,Salaried,1080475.0830541828,147275.03869413096,Car,548.7194198414372,4,48,32.406735623118195,2021-11-19,0
CUST_0491,60.0,Male,West,Graduate,Salaried,493104.4495968141,264265.6488584396,Other,697.5757429137724,1,26,150.0,2020-01-24,1
CUST_0492,30.0,Male,South,Graduate,Salaried,495693.1057068115,411797.7610991261,Business,751.5821807439464,1,33,19.340723316561473,2025-07-18,0
CUST_0493,63.0,Male,East,Secondary,Salaried,410392.2932936112,272790.2891336121,Business,,1,47,56.43686486193913,2020-10-05,1
CUST_0494,64.0,Male,South,Graduate,Self-Employed,230520.5161031072,293628.99502284545,Education,804.3627655020618,3,45,38.51022974278489,2025-06-16,1
CUST_0495,49.0,Female,West,Graduate,Self-Employed,737373.9316959283,1355628.1627073733,Home,604.2627442925817,4,41,23.304614133956502,2025-12-12,0
CUST_0496,33.0,Male,East,Secondary,Salaried,1667264.6109068275,459161.11079387245,Home,723.1052184857773,6,39,27.175266535287264,2025-10-01,0
CUST_0497,32.0,Female,West,Secondary,,627979.0932725546,488820.8081155052,Other,673.7302678731025,1,41,32.68439820788873,2021-02-07,0
CUST_0498,51.0,Male,East,Primary,Salaried,234891.79468525626,280707.7775074935,Car,685.2136717775338,1,41,37.00721384165271,2025-06-24,1
CUST_0499,22.0,Female,East,Secondary,Unemployed,998406.9006287508,1026108.6225955728,Home,583.7378648244382,6,47,120.0,2025-12-21,0
CUST_0500,55.0,Male,East,Graduate,Unemployed,265956.6879672272,387781.6964130527,Business,774.5354721764794,2,40,50.30128781222483,2021-05-10,0
